timestamp,temp_f
2026-09-12T02:10:51+00:00,79.0
2026-09-12T02:10:51+00:00,79.1
2026-09-12T02:10:51+00:00,76.8
2026-09-12T02:32:42+00:00,80.5
2026-09-12T08:30:18+00:00,78.4
2026-09-12T14:41:23+00:00,75.5
2026-09-12T14:47:25+00:00,75.3
2026-09-12T18:27:31+00:00,74.3
2026-09-12T22:22:20+00:00,71.9
2026-09-13T04:55:22+00:00,75.5
2026-09-13T13:20:21+00:00,76.1
2026-09-13T18:49:28+00:00,76.2
2026-09-13T22:27:37+00:00,74.3
2026-09-14T05:03:57+00:00,70.5
2026-09-14T15:03:43+00:00,73.2
2026-09-14T20:19:50+00:00,69.8
2026-09-14T23:12:13+00:00,70.0
2026-09-15T05:00:08+00:00,69.5
2026-09-15T13:38:34+00:00,71.6
2026-09-15T19:43:15+00:00,68.9
2026-09-15T22:56:18+00:00,65.4
2026-09-16T04:55:44+00:00,63.1
2026-09-16T13:33:19+00:00,64.7
2026-09-16T19:35:15+00:00,63.1
2026-09-16T23:00:26+00:00,60.2
2026-09-17T04:58:36+00:00,57.6
2026-09-17T13:33:22+00:00,59.8
2026-09-17T19:45:14+00:00,63.6
2026-09-17T22:53:01+00:00,64.3
2026-09-18T04:51:00+00:00,65.4
2026-09-18T12:59:59+00:00,66.5
2026-09-18T19:03:29+00:00,68.9
2026-09-18T22:38:20+00:00,67.5
2026-09-19T04:43:34+00:00,68.1
2026-09-19T12:32:43+00:00,65.1
2026-09-19T18:38:09+00:00,67.2
2026-09-19T22:20:46+00:00,66.0
2026-09-20T04:59:36+00:00,67.3
2026-09-20T13:04:58+00:00,67.7
2026-09-20T18:51:27+00:00,65.6
2026-09-20T22:30:52+00:00,66.7
2026-09-21T05:04:43+00:00,62.7
2026-09-21T15:08:57+00:00,63.0
2026-09-21T20:27:00+00:00,64.7
2026-09-22T05:06:16+00:00,67.4
2026-09-22T13:27:22+00:00,66.5
2026-09-22T19:46:06+00:00,64.4
2026-09-22T23:00:05+00:00,62.1
2026-09-23T04:51:21+00:00,62.5
2026-09-23T13:41:48+00:00,65.4
2026-09-23T19:42:21+00:00,68.4
2026-09-23T22:58:43+00:00,69.8
2026-09-24T04:59:38+00:00,69.8
2026-09-24T13:35:55+00:00,71.8
2026-09-24T20:01:14+00:00,74.9
2026-09-24T23:14:43+00:00,75.4
2026-09-25T05:03:56+00:00,72.1
2026-09-25T13:54:17+00:00,70.1
2026-09-25T20:02:46+00:00,71.1
2026-09-25T23:20:07+00:00,70.6
2026-09-26T05:06:45+00:00,67.2
2026-09-26T13:10:50+00:00,69.6
2026-09-26T19:14:44+00:00,73.1
2026-09-26T22:56:44+00:00,71.4
2026-09-27T05:24:36+00:00,67.8
2026-09-27T14:02:59+00:00,66.8
2026-09-27T19:47:27+00:00,69.8
2026-09-27T23:06:54+00:00,70.5
2026-09-28T05:31:55+00:00,71.0
2026-09-28T16:47:59+00:00,70.3
2026-09-29T00:23:58+00:00,69.5
2026-09-29T10:44:54+00:00,72.3
2026-09-29T18:07:26+00:00,71.2
2026-09-29T23:45:49+00:00,68.8
2026-09-30T05:40:03+00:00,68.6
2026-09-30T14:58:51+00:00,68.6
2026-09-30T20:50:55+00:00,68.4
2026-10-01T06:05:38+00:00,66.5
2026-10-01T15:29:45+00:00,68.8
2026-10-01T21:04:05+00:00,71.6
2026-10-02T05:48:13+00:00,67.9
2026-10-02T14:46:48+00:00,64.7
2026-10-02T20:47:51+00:00,63.1
2026-10-03T05:25:04+00:00,64.3
2026-10-03T13:28:00+00:00,65.2
2026-10-03T19:17:29+00:00,64.1
2026-10-03T23:07:56+00:00,61.9
2026-10-04T06:00:46+00:00,61.9
2026-10-04T14:07:26+00:00,58.2
2026-10-04T19:41:06+00:00,57.8
2026-10-04T23:15:17+00:00,57.2
2026-10-05T05:50:13+00:00,54.3
2026-10-05T17:11:57+00:00,56.8
2026-10-06T01:19:30+00:00,55.1
2026-10-06T11:19:58+00:00,53.5
2026-10-06T18:27:02+00:00,57.4
2026-10-06T23:52:51+00:00,53.9
2026-10-07T06:08:19+00:00,52.1
2026-10-07T15:36:01+00:00,56.1
2026-10-07T21:20:46+00:00,57.2
2026-10-08T06:14:19+00:00,56.4
2026-10-08T15:41:34+00:00,54.8
2026-10-08T21:22:31+00:00,51.9
2026-10-09T06:17:21+00:00,52.2
2026-10-09T15:21:00+00:00,51.2
2026-10-09T20:58:40+00:00,49.5
2026-10-10T06:00:08+00:00,48.3
2026-10-10T14:30:27+00:00,51.4
